{
  "project_info": {
    "project_number": "995691358625",
    "project_id": "bugreport-b3acc",
    "storage_bucket": "bugreport-b3acc.appspot.com"
  },
  "client": [
    {
      "client_info": {
        "mobilesdk_app_id": "1:995691358625:android:2e92b832ba2962304e83e0",
        "android_client_info": {
          "package_name": "com.bugreport.mainactivity"
        }
      },
      "oauth_client": [
        {
          "client_id": "995691358625-bb2jrurd0dne7oe0qfg5jmn2pipn49l6.apps.googleusercontent.com",
          "client_type": 3
        }
      ],
      "api_key": [
        {
          "current_key": "AIzaSyAsyvpAhe23fmLh1ZG-XKuu-_ocTOyv-KM"
        }
      ],
      "services": {
        "appinvite_service": {
          "other_platform_oauth_client": [
            {
              "client_id": "995691358625-bb2jrurd0dne7oe0qfg5jmn2pipn49l6.apps.googleusercontent.com",
              "client_type": 3
            }
          ]
        }
      }
    },
    {
      "client_info": {
        "mobilesdk_app_id": "1:995691358625:android:5852ee8015f8611d4e83e0",
        "android_client_info": {
          "package_name": "com.cn.bugreport"
        }
      },
      "oauth_client": [
        {
          "client_id": "995691358625-bb2jrurd0dne7oe0qfg5jmn2pipn49l6.apps.googleusercontent.com",
          "client_type": 3
        }
      ],
      "api_key": [
        {
          "current_key": "AIzaSyAsyvpAhe23fmLh1ZG-XKuu-_ocTOyv-KM"
        }
      ],
      "services": {
        "appinvite_service": {
          "other_platform_oauth_client": [
            {
              "client_id": "995691358625-bb2jrurd0dne7oe0qfg5jmn2pipn49l6.apps.googleusercontent.com",
              "client_type": 3
            }
          ]
        }
      }
    }
  ],
  "configuration_version": "1"
}